path	trees	sha256	lines	reason	text_hits
CONTRIBUTING.md	main,certificate,frontend,lowering,process	c544d854afe7682da7e2008ab866aeaa3c375fc8bb75b9d74546e5b7b2335f21	232	text-match	3
Grass/ABI/Win64/Convention.lean	main,certificate,frontend,lowering,windows,process	113f938007b7c47911d3d146ae2d2ecf8dfebec732433308c6beb143b7eedae9	424	text-match	21
Grass/ABI/Win64/Unwind.lean	main,certificate,frontend,lowering,windows,process	5cd62e2f8a62cdd3ffa8324812141efdbd5f2d3ad4cf6329edcf432b67915b4c	484	text-match	18
Grass/ABI/Win64/UnwindBytes.lean	main,certificate,frontend,lowering,windows,process	e927c51971b95b5de2e5a4ed161cdac5b67215f85e7704eda2d4462a7f3e1db8	1060	text-match	17
Grass/Assembly/ByteLayout.lean	main,certificate,frontend,lowering,windows,process	139b153159bc875b3ff78c6ca80387038d1b2a06d28f62fe966c901d545d157b	77	semantic-boundary-or-consumer	0
Grass/Assembly/CodeWriteFrame.lean	main,certificate,frontend,lowering,windows,process	85da6f61727b7d64896b99a7a26aaed1b86d635f3ef9e15e1b105f927944f1f4	90	semantic-boundary-or-consumer	0
Grass/Assembly/FrameAddressing.lean	main,certificate,frontend,lowering,windows,process	f4b24597695c271e23211ff9a2bfbf412dddbcafa3c0b54fc8ed662ee2018d60	120	semantic-boundary-or-consumer	0
Grass/Assembly/FrameAllocation.lean	main,certificate,frontend,lowering,windows,process	b021ab0d220ee691bd6c7f9aba5b3c152b4b28c61f02d94c4e52d8e8b63b7657	64	semantic-boundary-or-consumer	0
Grass/Assembly/FrameAllocationExecution.lean	main,certificate,frontend,lowering,windows,process	1c09897ad39001cb8991dee005c29c27c13dc5d55afb9ca4f8a1653012627af2	74	semantic-boundary-or-consumer	0
Grass/Assembly/FrameArgument.lean	main,certificate,frontend,lowering,windows,process	5ea661b43a8989cf66583ece0dd2ef6673c6a94b7e998b56068360065fc2a003	161	semantic-boundary-or-consumer	0
Grass/Assembly/FrameArgumentAddressing.lean	main,certificate,frontend,lowering,windows,process	a4275b359206815020eb98823515ab49a6707315dfdc3a590a7e9ea371e9b75b	128	semantic-boundary-or-consumer	0
Grass/Assembly/FrameLea.lean	main,certificate,frontend,lowering,windows,process	45e7da9aea90446e8831e2b00c1d489b20e6ea5220d59a564719f05fba0b268f	77	semantic-boundary-or-consumer	0
Grass/Assembly/FrameLoad.lean	main,certificate,frontend,lowering,windows,process	0de402ae714148435db6bdcf3a0d700af65f3c6c8fcda7d61a2d163b6977a17d	68	semantic-boundary-or-consumer	0
Grass/Assembly/FrameMemoryExecution.lean	main,certificate,frontend,lowering,process	3409dbbd8e2de24e772af7add3d22d425efc3af6e08ab8e1c46d5e3897c58b66	364	semantic-boundary-or-consumer	0
Grass/Assembly/FrameMemorySource.lean	main,certificate,frontend,lowering,windows,process	378dbd4cdf9be06d67ee43ba524eec82d4b443849974eb4fc7ee4680dbc6bcae	382	semantic-boundary-or-consumer	0
Grass/Assembly/FrameStore.lean	main,certificate,frontend,lowering,windows,process	060630e12e7cca12904a2af8e94af6844f78f8bd43a8e315c5fa6de5977b3e94	59	semantic-boundary-or-consumer	0
Grass/Assembly/LoadedCodeRoot.lean	main,certificate,frontend,lowering,windows,process	4120faa01efe2e92ed9951c7cc707773407a32dcd5f293e61b98756fe2510465	218	semantic-boundary-or-consumer	0
Grass/Assembly/LoadedFetchObservation.lean	main,certificate,frontend,lowering,windows,process	b110a5b4babcde296958fdd1e01e475d861662a6a8ec3f9ec6441cf47497799c	69	semantic-boundary-or-consumer	0
Grass/Assembly/LoadedStaticArgument.lean	main,certificate,frontend,lowering,process	0dbfb498476a5cd2a56c939e96490e5cdac2ffb70739a8c523662564a3e2df01	180	semantic-boundary-or-consumer	0
Grass/Assembly/LocalAddress.lean	main,certificate,frontend,lowering,windows,process	3b60d3345c34068114e7bb8868435b61450ef34b8d69a031c1ddce01b18d397a	82	semantic-boundary-or-consumer	0
Grass/Assembly/PrologueExecution.lean	main,certificate,frontend,lowering,windows,process	ccbd0d723a5ad929f3ceb10879883765cc1fe68bba424583fa74423ed6c54420	157	semantic-boundary-or-consumer	0
Grass/Assembly/PrologueFactory.lean	main,certificate,frontend,lowering,windows,process	5a3f0d708ef655ecba3e4bd773756eb12957090ddc110ea809a59b9fdb44f826	104	semantic-boundary-or-consumer	0
Grass/Assembly/RipRelative.lean	main,certificate,frontend,lowering,windows,process	97a1f5e1949501aa77e91fd55a091237b3c1b0198a040429eab8b380f5c18df1	79	semantic-boundary-or-consumer	0
Grass/Assembly/SavedPrefix.lean	main,certificate,frontend,lowering,windows,process	4a241ff1d85902d09990345f400ebc23f37c0cb835e7fc2346b9623f2b745bd5	111	semantic-boundary-or-consumer	0
Grass/Assembly/SignedRel32.lean	main,certificate,frontend,lowering,windows,process	0c7c5cc10502407780165bf2c919758b829917314c5c23bbd3bbbb7653474516	96	semantic-boundary-or-consumer	0
Grass/Assembly/SourceBytes.lean	main,certificate,frontend,lowering,windows,process	5f9effb0fa892e9baf4ac7e294defc62b9892c35c6afb080387fa939d8f69531	73	semantic-boundary-or-consumer	0
Grass/Assembly/SourceFetch.lean	main,certificate,frontend,lowering,windows,process	874bfd0c05c016f9e20ed1e97597113777c41bba64358b87405b5fb350ea2057	114	semantic-boundary-or-consumer	0
Grass/Assembly/SourceFetchPolicy.lean	main,certificate,frontend,lowering,windows,process	ab1bdce0b0eb430d17182c4890485c734b1063fa4de1211d9cb68f76dd085595	166	semantic-boundary-or-consumer	0
Grass/Assembly/SourceFetched.lean	main,certificate,frontend,lowering,windows,process	18979549ab2f29869c5e5da8e800c8cd4b9a5e799e3a34ad85f9f3f024da23d7	88	semantic-boundary-or-consumer	0
Grass/Assembly/SourceFrame.lean	main,certificate,frontend,lowering,windows,process	e069e8816d548ea9e07caf15f6c38cb206f443d0afd8514e5f3548bae36335ca	96	semantic-boundary-or-consumer	0
Grass/Assembly/SourceFrameHeader.lean	main,certificate,frontend,lowering,windows,process	66ec282963c64a56a07f9c0088c2f1d3e743e5709b82d7753d4e74058b9010f4	89	semantic-boundary-or-consumer	0
Grass/Assembly/SourceImage.lean	main,certificate,frontend,lowering,windows,process	1e503ff6cf4fcbce728dab2aa41ccc2192dbd7705b84bc029c7e7fdf66067c63	74	semantic-boundary-or-consumer	0
Grass/Assembly/SourceImportBindings.lean	main,certificate,frontend,lowering,windows,process	2cb31d96f56df684c063d435122412e5b9fd1f3d19387bacc3208ba12afd4098	200	semantic-boundary-or-consumer	0
Grass/Assembly/SourceImportRequests.lean	main,certificate,frontend,lowering,windows,process	4468412d5b3ea002ef77f7bae2040b34e0067efdf4954f9f8475f50bfd230a9a	160	semantic-boundary-or-consumer	0
Grass/Assembly/SourceInitialization.lean	main,certificate,frontend,lowering,windows,process	c027a80eec05507c22cccdd2b792479fbd995a854f352d29977d0d6303342f89	134	semantic-boundary-or-consumer	0
Grass/Assembly/SourceInput.lean	main,certificate,frontend,lowering,windows,process	56136a9eeb6009e06f5d204919eab2a82ce7b839856d058888041fecf3118558	191	text-match	9
Grass/Assembly/SourceLinkedImage.lean	main,certificate,frontend,lowering,windows,process	52e208f8dfacde6c6f71f2e0c23cb02bfd1dec38273324ba55709918ea4d808c	290	semantic-boundary-or-consumer	0
Grass/Assembly/SourceLoadedImage.lean	main,certificate,frontend,lowering,windows,process	d1cf8b1930391de513575787d0a4455418e6e00f6f6900ce3524d0b3a36ea450	151	semantic-boundary-or-consumer	0
Grass/Assembly/SourcePrologue.lean	main,certificate,frontend,lowering,windows,process	63dda87e8e362f9aa18768af8078ceec7bcf1b7ef68ac0b56182e80e5789e14e	137	semantic-boundary-or-consumer	0
Grass/Assembly/SourceResolve.lean	main,certificate,frontend,lowering,windows,process	c96a2b345d2deca5d7a9b6dca40caca8262ca49db10f37a72a4bafdd6c1da9b4	226	semantic-boundary-or-consumer	0
Grass/Assembly/SourceRuntimeFunction.lean	main,certificate,frontend,lowering,windows,process	6b056ea6817faa602841a3ac20fcd21ae9de2be179e75f059618855ce6509c51	42	semantic-boundary-or-consumer	0
Grass/Assembly/SourceSplice.lean	main,certificate,frontend,lowering,windows,process	47fb76c9b2825f8a7916f4bd178fb406bf833ddc8deb4c085a23ddaee511cea2	424	semantic-boundary-or-consumer	0
Grass/Assembly/SourceSpliceDecode.lean	main,certificate,frontend,lowering,windows,process	462a9289800b7e799fc31a018a5c828b3502929976716859b0cb29e87a12920a	160	semantic-boundary-or-consumer	0
Grass/Assembly/SourceStaticBindings.lean	main,certificate,frontend,lowering,windows,process	a0bc4b776083cdd6d68a0712ab5a8e98d842db1b41764d7ef3d1a6b9e623e231	72	semantic-boundary-or-consumer	0
Grass/Assembly/SourceStore.lean	main,certificate,frontend,lowering,windows,process	86140f267873503363b81b61eeb957651c53abdb3a65c8bef41b670e9e18aae8	96	semantic-boundary-or-consumer	0
Grass/Assembly/SourceTemplates.lean	main,certificate,frontend,lowering,windows,process	3c994550a4cf26d420b98cee3dc5594dcebfc8ee59db37a2063e87e306005fbc	211	text-match	1
Grass/Assembly/SourceUnwind.lean	main,certificate,frontend,lowering,windows,process	819027eb2021d10167e3d580b00284a92bfb08e2edf72be8eac2534e4d02a068	47	semantic-boundary-or-consumer	0
Grass/Assembly/SourceUnwindPrefix.lean	main,certificate,frontend,lowering,windows,process	4b17226ff44d148ad13b262b071172babeb899aa2b80e3b88f922cb7d0f33a5c	206	semantic-boundary-or-consumer	0
Grass/Assembly/StaticObjects.lean	main,certificate,frontend,lowering,windows,process	8ee746d335d15a0bb7db5711d7e2f492bccd66d40ef46eacedf88d67b15255cb	134	semantic-boundary-or-consumer	0
Grass/Assembly/StaticSection.lean	main,certificate,frontend,lowering,windows,process	f345390da15dec3f79e44b3401e9c6ef117481584f8704d9f57f61740cffbb0f	167	semantic-boundary-or-consumer	0
Grass/Assembly/StaticSectionPacking.lean	main,certificate,frontend,lowering,windows,process	2ee357ae4335642260a500707251221fd36b4cb1ede3dab4ab870848d169a0ac	194	semantic-boundary-or-consumer	0
Grass/Assembly/Store32.lean	main,certificate,frontend,lowering,windows,process	8f5a97e6131c401b29311ba897beadce81a8edb829a1c48a46a24a311b737af1	134	semantic-boundary-or-consumer	0
Grass/Assembly/Store32Addressing.lean	main,certificate,frontend,lowering,windows,process	65e1454c8c61b22c1d1c9ec6b69ff00389f6eaee092566f6484a4063ceae6668	53	semantic-boundary-or-consumer	0
Grass/Assembly/Store32Execution.lean	main,certificate,frontend,lowering,windows,process	d7e8bb4ea2c3f0e598787df032e1a53e357d8c217f260905f05b31cecf5bee19	121	semantic-boundary-or-consumer	0
Grass/Assembly/Win32Constants.lean	main,certificate,frontend,lowering,windows,process	bf8949438924cdedd496460011eb6ed2967d02c120874e2e984fcd332f6c9ba2	138	text-match	1
Grass/Assembly/X86BranchLayout.lean	main,certificate,frontend,lowering,windows,process	e463c6042e9a3253cc6c0304a64e1ec79b04cf3fc7cffbfcfca8f1a94581eb6a	262	semantic-boundary-or-consumer	0
Grass/Assembly/X86ClosedEncoding.lean	main,certificate,frontend,lowering,windows,process	2ab78cb36a2fbb0bbe254718bb51642cc2523c4b8359aa8b08805e38a9fa88fb	118	semantic-boundary-or-consumer	0
Grass/Assembly/X86ControlFlow.lean	main,certificate,frontend,lowering,windows,process	a8782f32457247a5a8ca0fdfc071f4e209d605e8275d26fd6a54e854f775cd72	161	semantic-boundary-or-consumer	0
Grass/Assembly/X86Source.lean	main,certificate,frontend,lowering,windows,process	1a5650a8fdec63baa5b8ddf8b0d90185d410e3fb1386ae5ca5fb89468b9cdc6a	257	text-match	1
Grass/Console/Accounting.lean	main,certificate,frontend,lowering,windows,process	9a1b3c6edd732aca48830c5ab505f16ee1e10afc0415068162261bee1182d136	109	semantic-boundary-or-consumer	0
Grass/Console/Behavior.lean	main,certificate,frontend,lowering,windows	e7beaa1acb3a29fb9fcdf4252402560c38b977e7498425fb3201ae6d63790a67	238	semantic-boundary-or-consumer	0
Grass/Console/Captured.lean	main,certificate,frontend,lowering,windows,process	0b6baa66bd25c91555fe5194bdf27e72eaaaf4483f7d6bf965df391c1d976f52	90	semantic-boundary-or-consumer	0
Grass/Console/CapturedDemands.lean	main,certificate,frontend,lowering,windows,process	f0f203d9d898c2f5944922ee663c6572e91c4480b785b5582bdfe1eac60fe4a1	198	semantic-boundary-or-consumer	0
Grass/Console/CapturedProjection.lean	main,windows	68a02b1a803d7f6a28780e205bcbc489db1ce853a801003cfd0dc1973660fdf1	52	semantic-boundary-or-consumer	0
Grass/Console/LineBehavior.lean	main,certificate,frontend,lowering,windows,process	ff536333cf19eac9ce002cb74fc03e14369528718453a33fa7fc83263e9b8629	98	semantic-boundary-or-consumer	0
Grass/Console/Resources.lean	main,certificate,frontend,lowering,windows,process	8414e05d72035a032f2624342e0f70cee68053c5b44598651c78746fbc377416	90	semantic-boundary-or-consumer	0
Grass/Console/TargetProjection.lean	main,windows	ea3105375bdbb3b1733414d5c28aafbfa567484d43ee446896b3f64e007c5d46	87	text-match	1
Grass/Console/Timing.lean	main,certificate,frontend,lowering,windows,process	2d4794339d25e266090cf8fa12cb9b388c62e4a8e926abce0b0b6e2c51f7a480	99	semantic-boundary-or-consumer	0
Grass/ISA/X86/Bytes.lean	main,certificate,frontend,lowering,windows,process	63a60f5a6407806793eb1a21ae4971bcfd7e1e00433bbaea187c043aa25fc0a3	477	text-match	2
Grass/ISA/X86/Decode.lean	main,certificate,frontend,lowering,windows,process	9fea6d87f2c3218311d7a7e68609b750bc13cd6dec55143aa27f551637e72215	854	text-match	2
Grass/ISA/X86/Execution/Instruction.lean	main,certificate,frontend,lowering,windows,process	e6b2952dbb35a2b3637ce2bfcbd184f0da5d6e5bf7f65f4d10db75b37c6b87fc	87	text-match	1
Grass/ISA/X86/Execution/LeaNormal.lean	main,certificate,frontend,lowering,windows,process	a2c8a45451147f95f25a86d22ea378b76de0f2f47a7ac3e8d380ab302be23573	144	text-match	1
Grass/ISA/X86/ImmediateArithmetic.lean	main,certificate,frontend,lowering,windows,process	fc3099667fb090bbe56c40a76eb63397dfd51620834d3c9a8a88e1b0d040e702	150	text-match	1
Grass/ISA/X86/Register.lean	main,certificate,frontend,lowering,windows,process	9a4441ed27277f7564cfa9be7505bf04fc48200a073f852bf576c6e2615b3dfb	441	text-match	3
Grass/ISA/X86/RegisterLaws.lean	main,certificate,frontend,lowering,windows,process	b1b0d72578b04a18b17b1d1f15f70306cd0b621cddf51295fd0b65c8da2427ed	93	text-match	1
Grass/ISA/X86/RegisterSemantics.lean	main,certificate,frontend,lowering,windows,process	ecf39c970169fa8f1b7d0340e30e45b7b6f2a0aff672923d842a8f750f4ac22e	246	text-match	1
Grass/Memory/Access.lean	main,certificate,frontend,lowering,windows,process	278175b3abd78109bd4b5bea4f6ed2f271788b32cd72a55556163e7452d90c85	436	text-match	1
Grass/Memory/AddressSpace.lean	main,certificate,frontend,lowering,windows,process	81fbd8d68ba6916984b994e60d7148bf8be522d7459bfaffe7ff7cb7e17030ae	504	text-match	1
Grass/Memory/Apply.lean	main,certificate,frontend,lowering,windows,process	d058474633186a15c09cef49efa456bfe71eb03c3af95f1fc709f7fbc7be0259	1437	text-match	2
Grass/Memory/Audit.lean	main,certificate,frontend,lowering,windows,process	36769f113fb112befdb2eafcaab7ca18f0d4043671e59a08a97dad75e8a67fa5	503	text-match	2
Grass/Memory/Authority.lean	main,certificate,frontend,lowering,windows,process	34c76943f132683f7e433b4c35f92aa9bcf0838f7c7885f9a17d276011537e06	231	text-match	1
Grass/Memory/State.lean	main,certificate,frontend,lowering,windows	7c2088bdd3444a60a3ae0151919e34e67c063fa3a1275dac43defe57694b6e4a	4833	text-match	1
Grass/Platform/Win32/ApiDispatch.lean	main,certificate,frontend,lowering,windows,process	ab5f76f0a147538c84b45e3ba0feb81b6492780eb2d9d5ff43a4d74be93ccb5d	140	semantic-boundary-or-consumer	0
Grass/Platform/Win32/ApiRequest.lean	main,certificate,frontend,lowering,windows,process	f3be33857a22a4aa013d358d587c2aaad2f3994a0d9ff503d16bfa7a03672b8c	70	semantic-boundary-or-consumer	0
Grass/Platform/Win32/CallEntry.lean	main,certificate,frontend,lowering,windows,process	240b34cf1313bc0b865711c9ff12a539960e5e0ca179ad7557146a7593c9ae71	91	semantic-boundary-or-consumer	0
Grass/Platform/Win32/CallMemory.lean	main,certificate,frontend,lowering,windows,process	75d1eb99ee3b559a43a897298b5bd4492acd923e5baaa6d4c7b2dc5ffc512b8a	34	semantic-boundary-or-consumer	0
Grass/Platform/Win32/CallResumeBinding.lean	main,certificate,frontend,lowering,windows,process	68d78876c524b3aa63046ec3692cf6428737a5abee71d0edce22eee79c5408eb	93	semantic-boundary-or-consumer	0
Grass/Platform/Win32/CallResumeHistory.lean	main,certificate,frontend,lowering,process	41e0914e142c6420b16fad905e2f3c3ea6be5ccd092544b658604cb9954446b0	90	semantic-boundary-or-consumer	0
Grass/Platform/Win32/CallRuntime.lean	main,certificate,frontend,lowering,windows,process	ed25fb4c558f32a6de94eedb8050f3f03f75f425fa3ab0beabdca20ed988ae1f	76	semantic-boundary-or-consumer	0
Grass/Platform/Win32/Console.lean	main,certificate,frontend,lowering,windows,process	669467bd30f54915e6d53b8fa03303c32b7ae4273b8235b0fdafb128d55a5830	411	text-match	11
Grass/Platform/Win32/ConsoleEnvironment.lean	main,certificate,frontend,lowering,windows,process	1c9296c8468e65f3dd427d1442028b2bd7800fc56aacb5f87b67e31b60fc47ab	146	semantic-boundary-or-consumer	0
Grass/Platform/Win32/CpuPolicy.lean	main,certificate,frontend,lowering,windows,process	5f35b68daaec7ffc3a60a70fe81fc832dffbe8b9206499d0f3de44d1b31574a2	112	semantic-boundary-or-consumer	0
Grass/Platform/Win32/CpuVocabulary.lean	main,certificate,frontend,lowering,windows,process	a264c4dc0e4796dbfbcca67073d8739e324b973872b6eca6f7323fd17c846eca	70	semantic-boundary-or-consumer	0
Grass/Platform/Win32/EvaluatedCall.lean	main,certificate,frontend,lowering,windows,process	ac0b9cca228a1393e8452b8b27fc6150c73d8a591c7395add7f66e7cce6e307d	28	semantic-boundary-or-consumer	0
Grass/Platform/Win32/ExecutionState.lean	main,certificate,frontend,lowering,windows,process	8b6e4d5942ca0307f572a71c714d474fe37c6ff6ca93c2c8265f4990efd7b3e1	114	semantic-boundary-or-consumer	0
Grass/Platform/Win32/ExitProcessCompletion.lean	main,certificate,frontend,lowering,windows,process	b92696894b70c725af60db27633493a3e7bdb399565887d13997b9fd7e94c1fe	118	semantic-boundary-or-consumer	0
Grass/Platform/Win32/ExitProcessRawCompletion.lean	main,certificate,frontend,lowering,windows,process	342cf5e302b89ecbd9f8bdf3171f74e2bbe412a4ed04adbdbcc419d73c3faf6c	46	semantic-boundary-or-consumer	0
Grass/Platform/Win32/ExitProcessRuntime.lean	main,certificate,frontend,lowering,windows,process	6dd2b091c9d7d6519e94d671c6d387c4321f1dfc21bc90f16c46ec5a55a78fab	108	semantic-boundary-or-consumer	0
Grass/Platform/Win32/GetStdHandleRawReturn.lean	main,certificate,frontend,lowering,windows,process	e548ebc50cb8414ff70fc48d31a9321334555a40fd3929bac9c87ca6ac4ceacc	70	semantic-boundary-or-consumer	0
Grass/Platform/Win32/GetStdHandleResult.lean	main,certificate,frontend,lowering,windows,process	e9d292b05677a90e51b88a6688b75ec840307b01a146ccce9472d3400a6ab508	189	semantic-boundary-or-consumer	0
Grass/Platform/Win32/GetStdHandleReturn.lean	main,certificate,frontend,lowering,windows,process	571ee80dc5309011d4654e43c6e76df4d75e1a74f6f4f6e29a70eb796af592a6	147	semantic-boundary-or-consumer	0
Grass/Platform/Win32/GetStdHandleRuntime.lean	main,certificate,frontend,lowering,windows,process	51ea49eb6b3004239948a3ad42ad6a7a8f30e1a09edb5f11e6d43e936ca212c3	206	semantic-boundary-or-consumer	0
Grass/Platform/Win32/GetStdHandleStackPlan.lean	main,certificate,frontend,lowering,windows,process	6c4042006c79bbe0813ed787b518c13b4122b5656fe16c490a215e10f3895995	41	semantic-boundary-or-consumer	0
Grass/Platform/Win32/LoadedAccess.lean	main,certificate,frontend,lowering,windows,process	ed4108372c35266a6e7fa66ca62fd8338d81ac4ec2a85cfa05a9d0b8a4e9d67b	92	semantic-boundary-or-consumer	0
Grass/Platform/Win32/LoadedDataAccess.lean	main,certificate,frontend,lowering,windows,process	cd779a075ef6c119ecf231342eb8e8396f1fc44024d4f236a7a9048d637c2a49	86	semantic-boundary-or-consumer	0
Grass/Platform/Win32/LoaderEntry.lean	main,certificate,frontend,lowering,windows	98547f46ac4c18609abaa049f4c440c1a232a6fe68a72c7ada6b289dfed4f780	332	semantic-boundary-or-consumer	0
Grass/Platform/Win32/LoaderImage.lean	main,certificate,frontend,lowering,windows,process	d576305fd1effce06faf6497400e6d06523a18d5cef4ef417f5cda3c0185c265	140	semantic-boundary-or-consumer	0
Grass/Platform/Win32/LoaderRegion.lean	main,certificate,frontend,lowering,windows,process	2737610a0a4bfbf05e0f32052555034d510b45ecd40493ec3a9b2123736599d3	263	semantic-boundary-or-consumer	0
Grass/Platform/Win32/ProtocolEntry.lean	main,certificate,frontend,lowering,windows,process	ab3e3c02edc7f03bf3e3a05854fa4fef5d29d5324f8d926c7d409a94cb686146	132	semantic-boundary-or-consumer	0
Grass/Platform/Win32/ProviderResume.lean	main,certificate,frontend,lowering,windows,process	8246fe156598e2e5f67ebcf115810ca66280bbf5e5cf5ad4298878989c0c74a2	262	semantic-boundary-or-consumer	0
Grass/Platform/Win32/ProviderResumeFinalization.lean	main,certificate,frontend,lowering,windows,process	e9831f2a287672b02e52ba17e2df22014f897e133936f1b88972c09400ef6622	177	semantic-boundary-or-consumer	0
Grass/Platform/Win32/RawEntryEvent.lean	main,certificate,frontend,lowering,windows,process	c8f546bb622b5dc9517747ed2cb196c35f6eb7814ef45d4391d2bb1116f9c5ba	160	semantic-boundary-or-consumer	0
Grass/Platform/Win32/RawGetStdHandlePending.lean	main,certificate,frontend,lowering,process	6fe4624e0a26a98381f49607cfe0b51e6ffadb542d9dd91f7db3d4b959e0136f	71	semantic-boundary-or-consumer	0
Grass/Platform/Win32/RawPendingInfinite.lean	main,certificate,lowering,process	f501e7790e16558ced5bc9ce301d6b1870ab211c31b952681102f889d3901451	87	semantic-boundary-or-consumer	0
Grass/Platform/Win32/RawPendingService.lean	main,certificate,lowering,process	1e7ca54a17a963acddd1b88e1b082bf61802a2925730836f1ac8e1e1d72c6099	131	semantic-boundary-or-consumer	0
Grass/Platform/Win32/RawPhasePreservation.lean	main,certificate,frontend,lowering,process	9507d8c7df30161fbf380821f8a36e6a6e0076c6a2da6b9b08247183541fded6	100	text-match	1
Grass/Platform/Win32/RawPrefix.lean	main,certificate,frontend,lowering,process	7f7e7b8347c6385d377e6ddc3361b0ee1f47918beae960a33a3238037321d49d	135	semantic-boundary-or-consumer	0
Grass/Platform/Win32/RawPrefixSteps.lean	main,certificate,frontend,lowering,process	694bb11a86c94b9bfa6fe36e9d749cda98545173f12ddd654fa8029cd709a647	39	semantic-boundary-or-consumer	0
Grass/Platform/Win32/RawServiceContinuation.lean	main,certificate,frontend,lowering,windows,process	45ec137f44c8d80092786e0066521e559b0f1e1b136ed20ac95030589ff5cdd2	110	semantic-boundary-or-consumer	0
Grass/Platform/Win32/RawServiceMetadata.lean	main,certificate,frontend,lowering,windows,process	33df443e8d359860e853b23e5d1fb6e7e9df27753d5d1f716000bdd21c028b09	60	semantic-boundary-or-consumer	0
Grass/Platform/Win32/RawServicePrefix.lean	main,certificate,frontend,lowering,process	e7576df24544bf743b2f673e474426bbc03c19d5321093e02b1af14954f35a84	146	semantic-boundary-or-consumer	0
Grass/Platform/Win32/RawServicePreservation.lean	main,certificate,frontend,lowering,windows,process	510198f6c49bd18671746e7f864d911c8b944ec1a3fc2dd396fa77ed79baf450	78	semantic-boundary-or-consumer	0
Grass/Platform/Win32/RawState.lean	main,certificate,frontend,lowering,windows,process	d0d58f861ccd47581cb3a2b585f1e595bf1fab5c448a6a7edbc63ddb8aef129b	139	semantic-boundary-or-consumer	0
Grass/Platform/Win32/RawStep.lean	main,certificate,frontend,lowering,windows,process	c30514b52a60234c666748b73bfc1d4a54d42111fc5c228e0ab5551503b5d665	391	semantic-boundary-or-consumer	0
Grass/Platform/Win32/RawStepSignature.lean	main,certificate,frontend,lowering,windows,process	211085e3b12896408f68b58f52cb9e3b6d69d1048409128f106434ab881371a9	149	semantic-boundary-or-consumer	0
Grass/Platform/Win32/RawTerminal.lean	main,certificate,frontend,lowering,process	be9b376efc87d794afda10a04d672836b09fb57609f6467b9952643a2ae6df31	85	semantic-boundary-or-consumer	0
Grass/Platform/Win32/ReturnHome.lean	main,certificate,frontend,lowering,windows,process	fb5c014f4c1f5528bba43387722e2fe557fa922b83bea2741a9aceafcaa6b7fd	53	semantic-boundary-or-consumer	0
Grass/Platform/Win32/ReturnHomeStackPlan.lean	main,certificate,frontend,lowering,windows,process	2dd1338fe4799a969ce152e393355953b5d2e17862d16f1e89c7b135aefe5fa9	184	semantic-boundary-or-consumer	0
Grass/Platform/Win32/Signatures.lean	main,certificate,frontend,lowering,windows,process	64ab339584f70977b92aadb5aeb5a0c8c04b7ff924145096492714b81fd33cbc	87	semantic-boundary-or-consumer	0
Grass/Platform/Win32/WriteFile.lean	main,certificate,frontend,lowering,windows,process	708796c4373a36e23158fbf7a03fe718c0d6099b02e54badc6ad6d768b4bf1e3	240	semantic-boundary-or-consumer	0
Grass/Platform/Win32/WriteFileAbi.lean	main,certificate,frontend,lowering,windows,process	34cfd0ce905b137883517308bbb29220ed4aee809777299dd75459caaf5ebed3	118	semantic-boundary-or-consumer	0
Grass/Platform/Win32/WriteFileArguments.lean	main,certificate,frontend,lowering,windows,process	5318f424f44ab29de68bfd4b5d8c6ffbf432e2819b71149ddd548cae2458ca1b	91	semantic-boundary-or-consumer	0
Grass/Platform/Win32/WriteFileCall.lean	main,certificate,frontend,lowering,windows,process	b05e6cbffc7e02853e161b22383d4fdaeca0d1b63d52070f487c59ff69bf43a4	65	semantic-boundary-or-consumer	0
Grass/Platform/Win32/WriteFileCallPlan.lean	main,certificate,frontend,lowering,windows,process	3098f161c509f62723363e99ee6eb5d1d8810eed9dbff5b91deb27319aa78616	101	semantic-boundary-or-consumer	0
Grass/Platform/Win32/WriteFileCallPreservation.lean	main,certificate,frontend,lowering,windows,process	19c4797a0b19c26cd29348eb884e22af5f50fcf655e0035b167954d8ffe1c0ea	94	semantic-boundary-or-consumer	0
Grass/Platform/Win32/WriteFileConsolePublication.lean	main,certificate,frontend,lowering,windows,process	312ecc6f0e9d9f5f125410e507f1edc06e138a8d9711a5d14f3072f16ccf738c	103	semantic-boundary-or-consumer	0
Grass/Platform/Win32/WriteFileHandoff.lean	main,certificate,frontend,lowering,windows,process	039ee80ab41dba80cde4e237cf38a27fae283c83a98ded1eb425f57cb0cc7ed9	97	semantic-boundary-or-consumer	0
Grass/Platform/Win32/WriteFileNonresponse.lean	main,certificate,frontend,lowering,windows,process	a87e4658504aca8b93f2d72c0825eefcf1372f51b017932fa69254b4c5c87a35	117	semantic-boundary-or-consumer	0
Grass/Platform/Win32/WriteFilePrepare.lean	main,certificate,frontend,lowering,windows,process	465cc4997fffdc50029658d018356cbd0b7bd31f8caace2023e50a428dfe9597	203	semantic-boundary-or-consumer	0
Grass/Platform/Win32/WriteFilePreservation.lean	main,certificate,frontend,lowering,windows,process	292a448300c120016ed4a12f61c6bda7e323b3db5996e13aabb6ec63b591e757	128	semantic-boundary-or-consumer	0
Grass/Platform/Win32/WriteFileRawReturn.lean	main,certificate,frontend,lowering,windows,process	3788e7011754ccfb6ce74c787e1b1a7d919e0aedff16936808217128ad6bd527	67	semantic-boundary-or-consumer	0
Grass/Platform/Win32/WriteFileResult.lean	main,certificate,frontend,lowering,windows,process	f6751f2c8d0edd4b5a83ac5da509261948348519b92409dff7696b46b893be11	75	semantic-boundary-or-consumer	0
Grass/Platform/Win32/WriteFileReturn.lean	main,certificate,frontend,lowering	171522ea45966935fbcbdacd662b3b8e810267a2c8e1251a5dec262fb9772e12	166	semantic-boundary-or-consumer	0
Grass/Platform/Win32/WriteFileReturnCompletion.lean	main,certificate,frontend,lowering,windows,process	f9261cc88c20bc2291de534e6072e7f6eb8b135cf445630135b08ce26986538d	149	semantic-boundary-or-consumer	0
Grass/Platform/Win32/WriteFileReturnHistory.lean	main,certificate,frontend,lowering,process	35a26da0d1fe4f1fa0b9d1f6aa4fc003a7b177adc664893f4d348dcc69208745	53	semantic-boundary-or-consumer	0
Grass/Platform/Win32/WriteFileRuntime.lean	main,certificate,frontend,lowering,windows,process	e5614a89ea50f546bc34199122d43b4d64f00fdd4c33ca0021e19bb92610706d	190	semantic-boundary-or-consumer	0
Grass/Platform/Win32/WriteFileRuntimeLinked.lean	main,certificate,frontend,lowering,windows,process	416d8847a384987b15d80146f94b989891e994719796cff0b7914ad131077a20	186	semantic-boundary-or-consumer	0
Grass/Platform/Win32/WriteFileService.lean	main,certificate,frontend,lowering,windows,process	97e8041436aa0d2e0072d89b5ac82d54e81b1575829b8a2c1330c0c15440e8b6	124	semantic-boundary-or-consumer	0
Grass/Platform/Win32/WriteFileServiceContinuation.lean	main,certificate,frontend,lowering,process	91c20a5cdc9a1a157c47d2d4572c3719dfe1531d2c88f491ce378ff6a30c0172	347	semantic-boundary-or-consumer	0
Grass/Platform/Win32/WriteFileServiceSegment.lean	main,certificate,frontend,lowering	d2af8572fdc3fd05c47a4f6cb1df5526fb3b450974272a1b16e9d512295a542d	120	semantic-boundary-or-consumer	0
Grass/Platform/Win32/WriteFileStabilization.lean	main,certificate,frontend,lowering,windows,process	9a9a01212f03d7a56abd1ca9cf7ac13ab7ba6634a7fccb10a3f8356aab0706a3	176	semantic-boundary-or-consumer	0
Grass/Platform/Win32/WriteFileStackPlan.lean	main,certificate,frontend,lowering,windows,process	9aff61ce664fae3ad2e3a810fde620b8646788975a07dfa248d2017f6e4a1635	186	semantic-boundary-or-consumer	0
Grass/Process/Sequential/Machine.lean	main,certificate,frontend,lowering,windows,process	eb5ea5e53d69b7d59dbb6c4cb7d4eb085bd6960c72f244065770d7f1123c6c95	260	text-match	1
Grass/Refinement/Console/WriteFileConsoleHistory.lean	main,windows	c687bf915b33ff571ec1c5c47593e8f1ec6d5576016f8dbebf04e6bf9c9637f1	126	semantic-boundary-or-consumer	0
Grass/Refinement/Console/WriteFileEventualNonresponse.lean	main,windows	f0a81b7d31d5fec1dc9c3ce6ec329b87c8461653b081719356b437e7e4ed88c3	36	semantic-boundary-or-consumer	0
Grass/Refinement/Console/WriteFileHistory.lean	main,windows	62e084cccc4fac065104cb33318e6638dbfc0265924b21374ea1f005f8c62c9f	268	semantic-boundary-or-consumer	0
Grass/Refinement/Console/WriteFileNonresponse.lean	main,windows	9061bfb5279127f9b91bd46ef9d9df298a3f74a1211b5024bfc5cbe7f424b37b	101	semantic-boundary-or-consumer	0
Grass/Refinement/Console/WriteFilePolicy.lean	main,windows	a3fc9431cad4a32943e4ac230612c895cb0325d356bedc6525f9287418156e11	217	semantic-boundary-or-consumer	0
Grass/Refinement/Console/WriteFileProjection.lean	main,certificate,frontend,lowering,windows,process	be14ae2b48ac2f133f734ce91413e3fc7d371832f1a3793bc3b2f84b911cfb0e	91	semantic-boundary-or-consumer	0
Grass/Refinement/Console/WriteFileStaticArgument.lean	main,certificate,frontend,lowering,process	0abf2122c14355dd62cd6d00c804b7087043be03b7aa0fe66a164bc94e09e6b2	54	semantic-boundary-or-consumer	0
Grass/Refinement/Console/WriteHistory.lean	main,certificate,frontend,lowering,windows,process	56a57656c5fd110cb0f1aa601d66e5c92acc43118aa9931d30f1897a2659cde0	135	text-match	1
Grass/Refinement/Console/WriteWaiting.lean	main,certificate,frontend,lowering,windows	0b0890642742014621de91b12a6cf2a129ff57a157112d37508047727aa90111	157	semantic-boundary-or-consumer	0
Grass/Refinement/Console/WriteWaitingGap.lean	main,certificate,frontend,lowering,windows,process	fd541875aa4384f110f1caeadb846ad350d23648bedf8d7d29ccacc9cdfc574b	55	semantic-boundary-or-consumer	0
Grass/Std/Console/Process.lean	main,certificate,frontend,lowering,windows,process	ea0433673e3fed3473a153547d68d74aaa59dd26adba98a344385c9ba8d280ca	304	text-match	2
Grass/Std/Console/WriteAll.lean	main,certificate,frontend,lowering,windows,process	1b0fdfe7746132f56bbb9456c8c4186598e363d9176c967bcee6f43b1d0dc8b5	204	semantic-boundary-or-consumer	0
Grass/Std/Logical/Text.lean	main,certificate,frontend,lowering,windows,process	173a692f2ff2d9ac61cd4fd7f4df29a93efef57e357028571eee1dcac687659c	205	text-match	2
Grass/Std/Logical/Vec.lean	main,certificate,frontend,lowering,windows,process	bd236c976b53b04b46b8089bb62a54091059e579fad8197e7029c896ed978016	1431	text-match	1
README.md	main,certificate,frontend,lowering,process	30f160bdc86838ba409ad4c8ba983bae6edbb30c6070e9e92fb006b3f4a91e74	119	text-match	2
Spikes/1_Hello_World/Program.lean	main,certificate,frontend,lowering,windows,process	07ea21de464b56e18828edc96e450a46566d97e58d7dc599b0e5d44d63e6b7b1	99	text-match	11
Spikes/1_Hello_World/Spec.lean	main,certificate,frontend,lowering,windows,process	06789ced138e5af1ac3f94a6f23a024258461559504750b76f103f73283afe1f	36	text-match	11
Spikes/README.md	main,certificate,frontend,lowering,windows,process	9f6ef9eea867badc8df3ea47a8a1aee045ab29e19dbce35d4df9f11d18bf5984	60	text-match	3
Tests/ABI/Win64/UnwindCorpus.lean	main,certificate,frontend,lowering,windows,process	aabecc8714a22c2f36a7c30975d2f36c25a291676c1fe658cf1b1c1764bdc395	240	text-match	8
Tests/Artifact/PE/Exceptions.lean	main,certificate,frontend,lowering,windows,process	8e5cd4950b18c054008762c5e327c48b60cdef62fcc821f0b77443caf985c991	103	text-match	1
Tests/Assembly/FrameAddressing.lean	main,certificate,frontend,lowering,windows,process	887ccd260e9537d43af2d80274068ac7dc95bf1011b806cbea49c6402eeaa3c3	71	semantic-boundary-or-consumer	0
Tests/Assembly/FrameAllocation.lean	main,certificate,frontend,lowering,windows,process	4337a284261d8097e3b91531a1f98fbc5958143b4f480aa6790e3e92a58e121a	31	semantic-boundary-or-consumer	0
Tests/Assembly/FrameArgument.lean	main,certificate,frontend,lowering,windows,process	d9b13b62ceba8e7c269d6038c3411c9f4b156e711cc242d2a6d1a85791c55a29	71	text-match	4
Tests/Assembly/FrameLea.lean	main,certificate,frontend,lowering,windows,process	bd127ceb88e9271279cdd13d3ba664ade7107806f81795615b83eb543df47701	58	text-match	4
Tests/Assembly/FrameLoad.lean	main,certificate,frontend,lowering,windows,process	31cf7df032ab94938c292e565a92545d256f6262f804c051e736d3f5bd3fbd74	53	text-match	3
Tests/Assembly/LoadedStaticArgument.lean	main,certificate,frontend,lowering,process	86a62c30a0e14abd9a8b2b48ef03c27fa827b7a70eacd588a783974e23a9c6fc	105	semantic-boundary-or-consumer	0
Tests/Assembly/RipRelative.lean	main,certificate,frontend,lowering,windows,process	844b4cda843db063adfacac8ac71fc4c0f3f3f5dd12f146e546cde4a4efe16b0	36	semantic-boundary-or-consumer	0
Tests/Assembly/SavedPrefix.lean	main,certificate,frontend,lowering,windows,process	1e61230d0dadf93ce5e8a883e037e425529f193469a4afb4937e4c0124c260c3	38	text-match	3
Tests/Assembly/SignedRel32.lean	main,certificate,frontend,lowering,windows,process	e055d6dbb165595a68f4c8cf0c5f8cfa0a3413e340c81cf87b794aaf4cf4b385	29	semantic-boundary-or-consumer	0
Tests/Assembly/SourceFrame.lean	main,certificate,frontend,lowering,windows,process	6d6799f3f0e634349353101f145ef020906b3a5f612649783d2f79b8eefc63b2	41	text-match	3
Tests/Assembly/SourceFrameHeader.lean	main,certificate,frontend,lowering,windows,process	69cf16e820f3f6fb97c778b5e2560ba677cb74c47e61b74873cd30cfe1c9498f	32	text-match	3
Tests/Assembly/SourceImportBindings.lean	main,certificate,frontend,lowering,windows,process	47b7592a25d523d30c20b0b02f0a1a1748317bd8ca9afaa61fb35d2ba7a1b46d	53	semantic-boundary-or-consumer	0
Tests/Assembly/SourceImportRequests.lean	main,certificate,frontend,lowering,windows,process	f4903822daf762a09e92187786a3d89099b3a408a7e603571721f92b0212e809	33	text-match	2
Tests/Assembly/SourceInitialization.lean	main,certificate,frontend,lowering,windows,process	d77cb4ce034ca3e1709973612efbc16b2621c745d12efd485086a61b2674c5fc	63	text-match	3
Tests/Assembly/SourceInput.lean	main,certificate,frontend,lowering,windows,process	2b8e23ae979cdb4fbf1e6ff272e2ccd5af5aa6555feb81a2512f46853a0a6208	40	text-match	25
Tests/Assembly/SourceLinkedImage.lean	main,certificate,frontend,lowering,windows,process	785dc6f83ac9f6384d0e08cef42439fbff16eb695a032e7db07d411ad0dbc479	55	text-match	2
Tests/Assembly/SourceLinkedImageErrors.lean	main,certificate,frontend,lowering,windows,process	5ea0f160000d49f20cbad37e34e13f99a9058f90168a43846f1e214df62a5da7	56	text-match	1
Tests/Assembly/SourceLiteral.lean	main,certificate,frontend,lowering,windows,process	f7f64c773ca89ffbfbd7d990bafa0c02e0bd80805d4e037810eeac2dd1bc1b4d	22	semantic-boundary-or-consumer	0
Tests/Assembly/SourcePrologue.lean	main,certificate,frontend,lowering,windows,process	16a6c2044d9695ab853f28c00b1edeae6b33bf91ee3fde09ffc77163d2eafd28	52	text-match	3
Tests/Assembly/SourceResolve.lean	main,certificate,frontend,lowering,windows,process	370accbceb3b3e0455874c7a1f8527f477971687e7a1b46e91cd78a4119dd9ee	65	text-match	3
Tests/Assembly/SourceSplice.lean	main,certificate,frontend,lowering,windows,process	aa7cd12a7f6e0ab069bb4a6e924021597b0be4254cb86853a23ec53c25122d80	56	text-match	5
Tests/Assembly/SourceStore.lean	main,certificate,frontend,lowering,windows,process	0d2a39afdde08eb9b8ac56828bd3ce27a8399f4593cbd73645224e02d19bde4e	94	text-match	6
Tests/Assembly/SourceTemplates.lean	main,certificate,frontend,lowering,windows,process	0b1c8ec8465f7ecdd5c9fd379a97745e90ecb0fbc8ac3d06a85d537b9e8b60f3	69	text-match	8
Tests/Assembly/SourceUnwind.lean	main,certificate,frontend,lowering,windows,process	0de4cb720dd43c3503dce4efa49ba2a565cf3eac2cdb2db045d52e30fe5a9a13	18	text-match	2
Tests/Assembly/StaticObjects.lean	main,certificate,frontend,lowering,windows,process	6a98f607a91fec535aa133084475fae6aae6d8f0b154aed48c046d139885b08e	52	semantic-boundary-or-consumer	0
Tests/Assembly/StaticSection.lean	main,certificate,frontend,lowering,windows,process	49754da379c3036cc39bb5c360255d18000215e61fddbcf06d12a6b664c860ff	66	semantic-boundary-or-consumer	0
Tests/Assembly/StaticSectionEquivalence.lean	main,certificate,frontend,lowering,windows,process	21ad2e6b2b22a845e68c095ed81b66de9781cad52bb409a5d09599a85ad1c5b7	80	semantic-boundary-or-consumer	0
Tests/Assembly/Store32.lean	main,certificate,frontend,lowering,windows,process	a199a2e3b630c5e40f7d15e3421b7f7224a0d2482041aa86af5fe4bd8d03cc3c	91	semantic-boundary-or-consumer	0
Tests/Assembly/Store32Execution.lean	main,certificate,frontend,lowering,windows,process	04c1b07c185d21d613bde273ae43f609b50bcd5e7a2dd77a02a2a22d19bfe79d	71	text-match	3
Tests/Assembly/Win32Constants.lean	main,certificate,frontend,lowering,windows,process	ae47797c30136e9bc2bf3b0de190a7bea655b7e3031213e7808cfb4c421d3c1f	76	text-match	3
Tests/Assembly/X86BranchLayout.lean	main,certificate,frontend,lowering,windows,process	370eed209f7f565f995afc1e1fc55dfb9a56fe6a80f5112b2e1e2a0fd3fd2e6e	75	text-match	3
Tests/Assembly/X86ClosedEncoding.lean	main,certificate,frontend,lowering,windows,process	cfdd959ec8d7e029a5589df6786b17144f71240e8db49e77bcb9394a79af2912	29	text-match	2
Tests/Assembly/X86ControlFlow.lean	main,certificate,frontend,lowering,windows,process	9325b6a6568276879034b1cd44b4e0b3362544b7b84e21d7ad082b4e3e49c62a	44	text-match	3
Tests/Assembly/X86Source.lean	main,certificate,frontend,lowering,windows,process	2a370831042c1fbbd019b5e7f137559ab01109ccc5eecaff3d8140591f1dddf5	45	text-match	18
Tests/Console/Accounting.lean	main,certificate,frontend,lowering,windows,process	e8b04332a5cae7d46ebec41786e1ef97a93abf314f5c5945c473102c0b86742d	24	semantic-boundary-or-consumer	0
Tests/Console/Behavior.lean	main,certificate,frontend,lowering,windows,process	62d420d4c31efecb8394e189731e953e467954546e7779b631a1163e9d9b9d7b	30	semantic-boundary-or-consumer	0
Tests/Console/Captured.lean	main,windows	d47a877e3195d06bd9647c9e4d4b19476d26746b5eb579182aedd352ec5b308e	39	semantic-boundary-or-consumer	0
Tests/Console/CapturedDemands.lean	main,certificate,frontend,lowering,windows,process	64f22c5cdb5be486b550c46513ab2f3382f8bc90f10e7712530b5eb08cd74512	32	text-match	1
Tests/Console/LineBehavior.lean	main,certificate,frontend,lowering,windows,process	b4ac5fe6b5fa1027adf74795a6ab0e8553c9bd6039b23efe74c19b88e447f357	42	semantic-boundary-or-consumer	0
Tests/Console/Resources.lean	main,certificate,frontend,lowering,windows,process	6e17d022e0c5e0608ca9b63e26e77ea398e22637b70cf6f78a958730331c18a5	67	semantic-boundary-or-consumer	0
Tests/Console/TargetProjection.lean	main,windows	579e9a67fd6c5dffb4dcb9c9e78dee8b533cb4f1b1e3279dbd1a61d730120b4d	58	semantic-boundary-or-consumer	0
Tests/Console/Timing.lean	main,certificate,frontend,lowering,windows,process	d80f30252d2f4e881d5c1c2e312571d9b55d649fed013bd3fa90dccd1682eba9	49	semantic-boundary-or-consumer	0
Tests/Console/WriteFileConsoleHistory.lean	main,windows	68359dd31457e86c320b2a5acb4fe011de6e2949adfb93a4aef3cf61d32e9e86	85	semantic-boundary-or-consumer	0
Tests/Console/WriteFileHistory.lean	main,windows	fa2a5620b06212cd2986b52287e08b499c2d834b1a558a8abf976a32337e6268	99	semantic-boundary-or-consumer	0
Tests/Console/WriteFilePolicy.lean	main,windows	eb370971093a56b15355126b76f17d70c42496748e51cca17e113d67562cf465	94	semantic-boundary-or-consumer	0
Tests/ISA/X86/InstructionDispatch.lean	main,certificate,frontend,lowering,windows,process	4d1eb55009b544b463746eb5f5000661e2c57782be2d4c0741a8fa8534284fcd	104	text-match	2
Tests/ISA/X86/LedgerAudit.lean	main	0f86e8d99000c0768a71e4bc6cf00afe7bcfd86a827606bcc018e7d609c8664f	1611	text-match	6
Tests/ISA/X86/NativeCorpus.lean	main,certificate,frontend,lowering,windows,process	5860dc7bb719acb854f7229db2296e89ffaa1e044d746134c067895cfc3854e0	120	text-match	6
Tests/ISA/X86/NativeStackCorpus.lean	main,certificate,frontend,lowering,windows,process	319d09763e5ffbd88de9ae76880f908f1c6acdd1b593c963847c7faafee1bce1	159	text-match	5
Tests/ISA/X86/RipCorpus.lean	main,certificate,frontend,lowering,windows,process	5b1a235b4fbc159e0121c31a9a7bd9e107e2420e84b43ab1a80fdba59a7caa32	132	text-match	1
Tests/ISA/X86/Spike1Addressing.lean	main,certificate,frontend,lowering,windows,process	0f26740492e64287c6a46189e878c68078c182c15751a901d9d7ccfc9bead949	212	text-match	10
Tests/Memory/CallProtocol.lean	main,certificate,frontend,lowering,windows,process	c161079143bfc2173867159b82ccb8e25e0c493688423cc7f5b8fbfacec58eb0	247	text-match	4
Tests/Memory/CallProtocolOrdering.lean	main,certificate,frontend,lowering,windows	bd477d605f7b092254bc5f206beaf2d59b307b844a69c4d12163557b069560fb	268	text-match	4
Tests/Memory/Placement.lean	main,certificate,frontend,lowering,windows,process	08bf6f3266909852c42d07c9059cc0b16f7c6eb6960b36163d0554ca9954164b	516	text-match	2
Tests/Memory/RiskOneCases.lean	main,certificate,frontend,lowering,windows,process	745e37abc72208cfc1443f08d943d4bb0c857a397b1c0f7ae59efa048d8af908	192	text-match	3
Tests/Memory/Spike1Block.lean	main,certificate,frontend,lowering,windows	3881cd089cf532c03cb936e7cbe19998c430753ef0740696bef4a51de5594af1	316	text-match	15
Tests/Memory/Spike1Policy.lean	main,certificate,frontend,lowering,windows	b32cb2dbdaa417a90fefa1ea51d43d0830de71856fdf41439a1001e70a3497fb	454	text-match	19
Tests/Memory/Spike1Reference.lean	main,certificate,frontend,lowering,windows,process	4a70dd4f4f26d490b46ca46b08766a4059899776ddc2a4f1b2d3526d7a309b80	697	text-match	17
Tests/Platform/Win32ApiDispatch.lean	main,certificate,frontend,lowering,windows,process	c56bbadaf916d9da71de235a9ca9c86604ccd51e054e4600840feb402f9287c3	113	semantic-boundary-or-consumer	0
Tests/Platform/Win32ApiRequest.lean	main,certificate,frontend,lowering,windows,process	aeb5368f1bd7b3cc12ab66aeda1415a3e3260eece430ac554ce1bff32a87aae7	120	text-match	1
Tests/Platform/Win32ConsoleEnvironment.lean	main,certificate,frontend,lowering,windows,process	67043246e0a3a201aed0ead20be8c5bd4ef8d1ac2b7f6b8c806e7283ab9e7ee8	108	semantic-boundary-or-consumer	0
Tests/Platform/Win32ExitProcessCompletion.lean	main,certificate,frontend,lowering,windows,process	7cb5a15f2d61f317815451ba3e7ed8dfd3ef71fdb29f85be8297b6288a4e59f8	140	text-match	1
Tests/Platform/Win32ExitProcessRuntime.lean	main,certificate,frontend,lowering,windows,process	ea080c61c26dbacbc8e94efa2b9a76c65f42c99df0236661566dce017e95a995	44	text-match	1
Tests/Platform/Win32GetStdHandleRawReturn.lean	main,certificate,frontend,lowering,windows,process	a4f9505d11dd704e5dd774d5b8f937d548ee017db0664fe9c8eafed2cfa9d7ce	70	text-match	3
Tests/Platform/Win32GetStdHandleReturn.lean	main,certificate,frontend,lowering,windows,process	a4ff20734ca14dd46f7797550c517d5cdc6366fc96f8e87433c8bd425ffe5549	108	text-match	9
Tests/Platform/Win32GetStdHandleRuntime.lean	main,certificate,frontend,lowering,windows,process	d4479f6a3abd5b6380303ed5668d13ddd3520a70688b1fd90ec6682c14582109	27	semantic-boundary-or-consumer	0
Tests/Platform/Win32GetStdHandleStackPlan.lean	main,certificate,frontend,lowering,windows,process	b094b5c3781072cde0e44bb30261d76506d97d31a2b5806e7a5d371585273200	15	semantic-boundary-or-consumer	0
Tests/Platform/Win32HelloCall.lean	main,windows	8007d88605c39373df1e9518bf13eae9eb24a33800623144d103fca275cc5cd0	264	text-match	6
Tests/Platform/Win32LoaderEntry.lean	main,certificate,frontend,lowering,windows,process	80b60cf85f2dc9c4ea82ce2ac9ebfe9afd67d27d0f0b6da40c6407a79be087d1	166	text-match	12
Tests/Platform/Win32LoaderRegion.lean	main,certificate,frontend,lowering,windows,process	58fa94a57c083bdf68a435ae2ae70f141f83420672924d5c9d70a48797180b7a	33	semantic-boundary-or-consumer	0
Tests/Platform/Win32MatchedReturn.lean	main,certificate,frontend,lowering,windows,process	321e571707a2dee203c741cd16d25f43ee9254a4ac28f5747a8243c18c016f1a	80	semantic-boundary-or-consumer	0
Tests/Platform/Win32ProbeCases.lean	main,certificate,frontend,lowering,windows,process	ea5c6a6db463e9a03fa10d55a66ec88a38fefb79820467d5cb25cfe030cb03eb	80	text-match	1
Tests/Platform/Win32ProtocolEntry.lean	main,certificate,frontend,lowering,windows,process	5610db0f07cffc601e9e7ba12ff7dc7e977e47182b74bf73bb4075e1ac5fc6f0	123	semantic-boundary-or-consumer	0
Tests/Platform/Win32ProviderResume.lean	main,certificate,frontend,lowering,windows,process	faae046a3e49dd59aec38aac129a206197aefc9bf416e5524b58dc6369b121e0	24	semantic-boundary-or-consumer	0
Tests/Platform/Win32ProviderResumeFinalization.lean	main,certificate,frontend,lowering,windows,process	a849be95197890bdee62f501979b584b55211087171461715ece049aa52841ad	48	semantic-boundary-or-consumer	0
Tests/Platform/Win32RawPendingService.lean	main,certificate,frontend,lowering,process	5edfc0c44a3f658e4e3a934344a3136261db29397c379f25bf0e34ef5e82bd80	40	semantic-boundary-or-consumer	0
Tests/Platform/Win32RawPhasePreservation.lean	main,certificate,frontend,lowering,process	58af38a5e8cf381a85a6155a6ab71c09d0119356960e731c9d8c52e56782a749	31	semantic-boundary-or-consumer	0
Tests/Platform/Win32RawServiceContinuation.lean	main,certificate,frontend,lowering,windows,process	c17bfb55b37b2b7fdb32b21953a4972d07e52835c2dc7b041a2a66027ddff25d	60	semantic-boundary-or-consumer	0
Tests/Platform/Win32RawServicePrefix.lean	main,certificate,frontend,lowering,process	3d36fe74ea65623d3ce8bb319bbbf3b5abb0396f3baad4ff0f6a61ef226825ee	68	semantic-boundary-or-consumer	0
Tests/Platform/Win32RawServicePreservation.lean	main,certificate,frontend,lowering,windows,process	e012fd226528d428a31bedee297f6d697f6a3600d6c7f9901bb8e9568a8222ca	68	semantic-boundary-or-consumer	0
Tests/Platform/Win32RawState.lean	main,certificate,frontend,lowering,windows,process	1b3a5696fb4e10591384353eb11a42fe1242afffad7c9810966873a761eb7abf	70	text-match	1
Tests/Platform/Win32RawStep.lean	main,certificate,frontend,lowering,windows,process	fba529b491057ed1ae48121cbce77fd0cd1a94dde0e1fc8dbdbcdcf1c4fcffa1	105	semantic-boundary-or-consumer	0
Tests/Platform/Win32Signatures.lean	main,certificate,frontend,lowering,windows,process	e86ed62720e7b72877e3fcb4cd8297d02b0be9419bd2a81a19bc248965c865a9	13	semantic-boundary-or-consumer	0
Tests/Platform/Win32WriteFile.lean	main,certificate,frontend,lowering,windows	6eba746eec2a065a3d52ea0940093c39e0dc5a653497a00dfc1c25865e8b1ca7	295	text-match	7
Tests/Platform/Win32WriteFileConsolePublication.lean	main,certificate,frontend,lowering,windows,process	2eaf1f7cbe296a7b830a0469427438f9d9dc2a12db301473e7a68be169450732	113	text-match	4
Tests/Platform/Win32WriteFileNonresponse.lean	main,certificate,frontend,lowering,windows,process	d5d88f04c151c8e481a2775437bc55077669403e5e8e53ac363333cabfbf4a61	63	semantic-boundary-or-consumer	0
Tests/Platform/Win32WriteFilePrepare.lean	main,certificate,frontend,lowering,windows,process	4cb85345b185b451767074f1f65bfd11faee19152713d6a0fd0028c3558d93da	192	semantic-boundary-or-consumer	0
Tests/Platform/Win32WriteFileRawReturn.lean	main,certificate,frontend,lowering,windows,process	ecfe9e7d0033e028fb85f01a98af2aca17ae01e1ff91dbf2f869d0bad6de75f9	90	semantic-boundary-or-consumer	0
Tests/Platform/Win32WriteFileReturn.lean	main,certificate,frontend,lowering,windows,process	ce482d0fa69ebb9969a5272981c0486c88bd351eaa44c4d21ee314ad767aa8c4	102	text-match	1
Tests/Platform/Win32WriteFileService.lean	main,certificate,frontend,lowering,windows,process	ae8396b33a2ddff571ac309e76e508d6e21b27acc887c45e97788418f7603245	194	text-match	1
Tests/Platform/Win32WriteFileStackPlan.lean	main,certificate,frontend,lowering,windows,process	3197eac665cc61c7bf8431765fb1e4712955316fd5789cd53ffa642b965c9dd7	247	semantic-boundary-or-consumer	0
Tests/Process/BlendFixtures.lean	main,certificate,frontend,lowering,windows,process	87c5739850c3ed20b09ea42a339bece89f7470310058cd4824ba8e38158bdfa4	264	text-match	5
Tests/Process/SequentialEffectFixtures.lean	main,certificate,frontend,lowering,windows,process	0a488c1907e8875fc8385816ae034ad838ebabf67adf53a3ce072b42b358fc05	156	text-match	1
Tests/Specification/TextLine.lean	main,certificate,frontend,lowering,windows,process	b2b15f254a67b77d7082188d4bfce694004b971cbe6117d6c8571379c0c6a8c9	32	text-match	4
Tests/Std/ConsoleWrite.lean	main,certificate,frontend,lowering,windows,process	30148280d2cfc77f08887447d08ee7d528b620602fdb320d5741028628a77c54	49	text-match	1
Tests/Std/PartialWrite.lean	main,certificate,frontend,lowering,windows,process	093a96103bddda8fec24f3a50247cf3b717054ae553888b6be396fbb58691dee	186	text-match	4
Tests/Std/Text.lean	main,certificate,frontend,lowering,windows,process	783b18c1c0bc3f5df43b4799865b29fb722a55c0136d7255eae431e25312cbda	149	text-match	2
Tests/Std/VecRepresentation.lean	main,certificate,frontend,lowering,windows,process	397e9c5f296b35a2633d0792010c8a0e6e5a7febaf326f862f4ee86b5fa0389c	215	text-match	3
Tools/DisasmHello.lean	main,certificate,frontend,lowering,windows,process	55af332f9345be972abd7e80f32d5d1f09cc3a309a3ddc236a5bd39a195a55d1	52	text-match	7
Tools/EmitGrassHello.lean	main,certificate,frontend,lowering,windows,process	2ecbc6cb81010f308ddfe69b40bd9636172c8b685f9468c98f05bd6dbea8416f	19	text-match	5
Tools/disasm/README.md	main,certificate,frontend,lowering,windows,process	28675a0907094adaff41922134caf8f7fe840a479dd046d3e9b7011c36185465	152	text-match	5
Tools/disasm/check.py	main,certificate,frontend,lowering,windows,process	1e60e78b87b605b32125e993ff155c08303c97ed6a5ffea03b112d716ec10b0b	215	text-match	9
Tools/x86-native/README.md	main,certificate,frontend,lowering,windows,process	f687a17b8c7fdb819b662e1e88469c9decc4fae168fc6bd3949bad110a306143	131	text-match	1
Tools/x86-native/VALIDATION.md	main,certificate,frontend,lowering,windows,process	eb96267465aa1fcae72a27cf0a58a8da099e4b1c2a33e1a155e0b0c6df13e39c	167	text-match	1
Tools/x86-native/run.py	main,certificate,frontend,lowering,windows,process	865d04fb185b8428bb89713f7a41dd45e57e2e62d7af026324b04eb993ebc3b9	216	text-match	3
check-spike-sources.sh	main,certificate,frontend,lowering,windows,process	feaecdbd4652b5cbe343e20b5fc26bf235ccbb579e8ea180513def9e8bdcb6ef	45	text-match	2
docs/AMD_SOURCE_MIGRATION.md	main,certificate,frontend,lowering,windows,process	992597f5e13fbbfa4daebd86fb11052882884c146d7f7f307ec0b0045f08fc10	92	text-match	1
docs/DECISIONS.md	main,certificate,frontend,lowering,windows,process	1134f15637f22509ce90270b8e445f1708661ac93e07470715905823d62ec199	909	text-match	4
docs/DISASM.md	main,certificate,frontend,lowering,windows,process	17bd530adf8892922f39f6ca933f0e44a1e20cf62b1545ba3acae6931ebe916e	297	text-match	3
docs/DISASM_CORPUS.md	main,certificate,frontend,lowering,process	f368bebba2e346022504c0a9074b415eef5da49b94cd43ba8acf2ec9a63211b2	167	text-match	2
docs/ENDPOINT_INDEX.md	main	4b0eeb8d153b44e53b39aaf32f9007e4d93a2f88e9b94dff9c7a3d9df39983d5	325	text-match	19
docs/HELLO_ENDPOINT_MODEL.md	main	01e932e48ba7bf2b112620f5ce1b51739d564d314ad5fc3a77d13602c548e19b	135	text-match	3
docs/HELLO_FACADE_BOUNDARY.md	main,certificate,frontend,lowering,windows,process	7ee5d79cfa92111312ea85775440cc792eb0d7ef8f494f569c3bfd390ed018cc	296	text-match	11
docs/HELLO_UNWIND_BOUNDARY.md	main,certificate,frontend,lowering,windows,process	821e4a937f14466af0bdb193589f34de1b0854270a4a46a71fb8be6b24c8e7fb	196	text-match	8
docs/HELLO_WORLD.md	main,certificate,frontend,lowering,windows,process	ff186fef033ec0720cc503667519415a583297f91af360e43a5a723b35b70a75	263	text-match	8
docs/IMPLEMENTATION_RATCHET.md	main,certificate,frontend,lowering,windows,process	06e30750f7053ea6ad728f7755f3ded15be0b8483912b773749cda98133d4b7e	333	text-match	6
docs/INSTRUCTIONS.md	main,certificate,frontend,lowering,windows,process	d6f3f120e1f880de4053b7c8b23a10458f54c3272445597269428bb364d8bfdd	260	text-match	3
docs/MEMORY_MODEL.md	main,certificate,frontend,lowering,windows,process	c04cda4baeb998b3bd2aeb6930287fb410e8a7dd019fd202d981923fe2695474	385	text-match	1
docs/MODULES.md	main,certificate,frontend,lowering,windows,process	ab0f9ead8e40d1956d6b1f9da4d68788c21b72a0667d36140bdb1876351c17aa	211	text-match	2
docs/PLATFORM_ABI.md	main,certificate,frontend,lowering,process	6656a92e9fb354f68cc58f6a89f5acdb65c000c71dfaceb44a5c750a0f29e206	308	text-match	1
docs/PROCESS.md	main,certificate,frontend,lowering,windows,process	01841138926f14a37ad1129b947a70b7d5773b7476d2d6d7b249fdefba56f3dc	2769	text-match	1
docs/PROOF_FEASIBILITY.md	main,certificate,frontend,lowering,windows,process	4ed1cb9a7cc3bbc7b421a0de6d84c697540af9643d3bee48481a77d7205687af	1250	text-match	2
docs/RAW_PHASE_PRESERVATION.md	main	3bd253c128fd94a61832bf2090a999feea6cb5388df78342831572cb90f583c9	76	text-match	1
docs/README.md	main,certificate,frontend,lowering,process	394df881c96cca94f802e5761cf5ab1c2e6b098f7fa91e3de0cb7824e3e2dd98	149	text-match	8
docs/REVIEW.md	main,certificate,frontend,lowering,process	bc84c5a96485a8f03361c49a7a8bdc430123b54c29fb829811cbeeda3303604d	498	text-match	2
docs/SEMANTICS.md	main	96831657037a5ab769805989dfbabdf4ca385325ecc17c77ba4d7898427a99c8	708	text-match	1
docs/SPIKE1_BOUNDARY_REVIEW.md	main,certificate,frontend,lowering,windows,process	c4cc816cf0808fdec45b117f3595809821c61557e3b0bf8eace09c64af12026f	245	text-match	5
docs/SPIKE_1.md	main,certificate,frontend,lowering,windows,process	c3279d7365d6cfeb31ede37cc82c4d7d56d25df140e958625f3819e44d1d94f4	1414	text-match	143
docs/SPIKE_2.md	main,certificate,frontend,lowering,windows,process	4dedf941ac783856fcaac0dbb60b41f799a9c971ca9fbe529d4547c129a9e594	2180	text-match	1
docs/SPIKE_AUTHORING.md	main,certificate,frontend,lowering,windows,process	8223f722f257e8a64e7f3245582f6a7105a066fe4ea1a3d607272c6c687b6f06	302	text-match	2
docs/SPIKE_PROOF_BURDEN.md	main,certificate,frontend,lowering,windows,process	6713d9d3c160fd264c3974778a097be320a323c592336970011ced79500b2485	216	text-match	3
docs/STDLIB.md	main,certificate,frontend,lowering,windows,process	7052839652a4794638f194981d1e2cad11f0fa27b7b7b68ad398d902082ed3d7	416	text-match	1
docs/VALIDATION.md	main,certificate,frontend,lowering,process	9da7db2115e2347b22bfe0666b43694908359c05ef0342ba28169a9663e7144a	154	text-match	1
docs/VISION.md	main,certificate,frontend,lowering,windows,process	c57bfdda5dda7d7349e6ef953c82eedba44771bf3e587ee8fe80233bf15e5d08	457	text-match	3
docs/WINDOWS_LOADER_INITIALIZATION.md	main,certificate,frontend,lowering,windows,process	91f1c6e4f2aefe8160787c678608e359e8f57c9c5dca9574e6b482932b4e2c39	92	text-match	2
docs/WINDOWS_PE.md	main,certificate,frontend,lowering,windows,process	add1ddbc423f91bdb4575f0a617dc239506f82c25e825e6690a43724b77e095d	137	text-match	1
docs/WINDOWS_WRITEFILE.md	main,certificate,frontend,lowering,windows,process	73a80f6e694fe4e3d17949ab4c2eb022b0889f4b152f64962ea65ab61469e406	241	text-match	6
docs/X86_EXECUTION.md	main,certificate,frontend,lowering,windows,process	90d1244e0b92237cba73c02bb2a139d65ffa5b6ea7a3be02aa4b3de715d32ab6	250	text-match	5
docs/X86_HELLO_COVERAGE.md	main,certificate,frontend,lowering,windows,process	373100435f9c50ead2706781e4b636fd48ff328066bb1553cfc0d6767b1d1bb4	75	text-match	5
lakefile.toml	main,certificate,frontend,lowering,windows,process	16e91b0568b829563732dd2e9895a2141fdb34f7723eb394059e94d49f8ad800	41	text-match	4
probes/windows/README.md	main,certificate,frontend,lowering,windows,process	36d0aedfa75e8ffcfcb037bfd1bb2be5e4a4a1fed2dd795dce332e4405f1f437	37	text-match	2
probes/windows/run-grass-hello.sh	main,certificate,frontend,lowering,windows,process	462cb9f667d181ba7ac96f3bb3bd15b38082a022458c8e1b529e460ac483b68c	53	text-match	4
tools/grass-tools/src/bin/docstring_audit.rs	main,certificate,frontend,lowering,windows,process	14b0f8b9c79a19ebe7f243e41207dd9008d2a382e3b4a48bf08de785a2a05239	1383	text-match	1
Grass/Assembly/SourceWitness.lean	certificate,frontend,lowering,process	6c3ae45a64fa61fae6ca7453d6c850c79913e67522f65a0039fb6973e7a48dbb	77	text-match	2
Grass/Assembly/WriteAllGuardSource.lean	certificate,frontend,lowering,process	74ce14bc2b775ce3e89cc17b02c5dc8a7dc6420e43fd9bf240af5f2cd46db539	122	semantic-boundary-or-consumer	0
Grass/Assembly/WriteAllLoopSource.lean	certificate,frontend,lowering,process	33a4b23ffdfd4565385fc3ff1eecddaec777909f9b2097fdc35bb232cb31ae3a	100	semantic-boundary-or-consumer	0
Grass/Assembly/X86.lean	certificate,frontend,lowering,process	1b3e56ef40db91f950ef80bcb4ee45296141679f64fc07ec16bf26f4d59eeb37	7	semantic-boundary-or-consumer	0
Grass/Console/CapturedProjection.lean	certificate,frontend,lowering,process	a8c3a02395705cdb55b9375a1575461530916de47fa5ba6c9654de77438129b0	83	semantic-boundary-or-consumer	0
Grass/Console/Contract.lean	certificate,frontend,lowering,process	64abab251e2ae81839c6a667452ab8a3620978b2c73248fc4de966c49b254b27	89	semantic-boundary-or-consumer	0
Grass/Console/ContractCorrect.lean	certificate,frontend,lowering	5c95a284b6fdcf0450dc468204deca12c6d912f3e4994be28127774089e9fa13	69	semantic-boundary-or-consumer	0
Grass/Console/ObservedBehavior.lean	certificate,frontend,lowering	1c764f0cf8000656ea649ef09e9ac55bd7eb35eefe9100d4eb917a7ab1c04151	512	semantic-boundary-or-consumer	0
Grass/Console/ObservedEmbedding.lean	certificate,frontend,lowering,process	67c3a53e2980664d1a24a9b53adfaf7ad8d054fc78973a7b2b9d2dc9578c4660	194	semantic-boundary-or-consumer	0
Grass/Console/ObservedEmbeddingSteps.lean	certificate,frontend,lowering,process	6f2bf2dcde0f9c2e286e4c4a8443a20122d2c2de5d0a0bdec6bbe6b273cf94d5	69	semantic-boundary-or-consumer	0
Grass/Console/ObservedFrontier.lean	certificate,frontend,lowering,process	9eab90d3a7a06e0431b9c8c2e997f071f1674776eed4c9984ad6a63d409636cb	28	semantic-boundary-or-consumer	0
Grass/Console/TargetProjection.lean	certificate,frontend,lowering,process	bb5c8974eea5b8bad5457a2314eb47dee3db838c2a8400a1809c104efc7a524d	87	text-match	1
Grass/Frontend/AssemblySyntax.lean	certificate,frontend,lowering,process	7bdd3d228df70660ccc7544bca116c5cde06342b7eb73157674a9184ea4c2c74	91	text-match	6
Grass/Frontend/Source.lean	certificate,frontend,lowering,process	3d3ea32956b2e13cb4e3cf71bff57d0d7cc41fef0f0fda4a2dd00c352a132bb0	112	text-match	11
Grass/Frontend/Target.lean	certificate,frontend,lowering,process	97db4f794099824d7931a56fa9505cf482e43c4d6f5f4219ecc2cb0f132a42ba	119	semantic-boundary-or-consumer	0
Grass/Refinement/Console/WriteAllBody.lean	certificate,frontend,lowering,process	c0aee8e4b2b5b65cc077280db2b1f0b831b1271ec76aa9f7a4e3f414c1f93c92	306	semantic-boundary-or-consumer	0
Grass/Refinement/Console/WriteAllFactory.lean	certificate,frontend,lowering,process	181d33344b5c9e3458e408a7bc7bb236fc3fef519b04f30af04f1988b4a7a8ef	99	semantic-boundary-or-consumer	0
Grass/Refinement/Console/WriteAllGuards.lean	certificate,frontend,lowering,process	fc01305b100a157c31988f1a0ee04711b255abb462232883f585a24b8e782cbc	217	semantic-boundary-or-consumer	0
Grass/Refinement/Console/WriteAllHead.lean	certificate,frontend,lowering,process	a5bbd561664c7af870abfd09ad934494b39153413964b5c9d74f7f59703bd220	56	semantic-boundary-or-consumer	0
Grass/Refinement/Console/WriteAllX86.lean	certificate,frontend,lowering,process	8f1b3266775fa9d8427f1d56a732a6e50592a162ab51a8ff583803424e26d258	242	semantic-boundary-or-consumer	0
Grass/Refinement/Console/WriteFileConsoleHistory.lean	certificate,frontend,lowering,process	de3157cffb763bfb1ee5edc77c90a300cd91fb4ae6d5c3fb8471c1f42379b18d	126	semantic-boundary-or-consumer	0
Grass/Refinement/Console/WriteFileCountAddress.lean	certificate,frontend,lowering,process	185896a601f99e5c29cce0f84d297732c4837009b020709168014bbab70d51bc	162	semantic-boundary-or-consumer	0
Grass/Refinement/Console/WriteFileCountArgument.lean	certificate,frontend,lowering,process	36a8e228ba87dcfdace12211b564008ab5a32595bb9a47fef119cd9bd4be6e3d	80	semantic-boundary-or-consumer	0
Grass/Refinement/Console/WriteFileCountEntry.lean	certificate,frontend,lowering,process	8645b0bfc2e369d8a50d50d8e81422bc15651e178bf90929f5b66920a5c599e9	207	semantic-boundary-or-consumer	0
Grass/Refinement/Console/WriteFileEventualNonresponse.lean	certificate,frontend,lowering,process	b44e9baade2ce7e1ba8631511d48791a85e9191d1498acabbfc4e479c4dd52c9	36	semantic-boundary-or-consumer	0
Grass/Refinement/Console/WriteFileFinalize.lean	certificate,frontend,lowering,process	7472048c961d2de75709e418e03fe5a020da89cd429a11e32be3884f4b4778ac	83	semantic-boundary-or-consumer	0
Grass/Refinement/Console/WriteFileHistory.lean	certificate,frontend,lowering,process	8234fc4384a4dbed7be604c5859f22365bd2a83f6b75b807cce2f7b1b02e3c4f	268	semantic-boundary-or-consumer	0
Grass/Refinement/Console/WriteFileLoad.lean	certificate,frontend,lowering,process	383a9fc2ae18a2c9c9428d4c6884f6d9ff5b7cc6ae9a9d9c2780c4362ecb4d6c	152	semantic-boundary-or-consumer	0
Grass/Refinement/Console/WriteFileNonresponse.lean	certificate,frontend,lowering,process	a92147139819b7eee6064747caf4c9e46fb5cedc0e36e04dad81eb911f80cbd6	101	semantic-boundary-or-consumer	0
Grass/Refinement/Console/WriteFileObserved.lean	certificate,frontend,lowering,process	72ee83073f66a0f117aed8485ffb941d9af2652410e98d9ffd9f1e54993c0eca	279	semantic-boundary-or-consumer	0
Grass/Refinement/Console/WriteFilePolicy.lean	certificate,frontend,lowering,process	455228eecc0da9731a6449b3a82f00639bf0255467c084014dda64797bf4c505	217	semantic-boundary-or-consumer	0
Grass/Refinement/Console/WriteFileResume.lean	certificate,frontend,lowering,process	dc938724ef03a6f9a3beddad2291eae7cfbc1ca5f70c973ebf6265ba95e1ba16	211	semantic-boundary-or-consumer	0
Grass/Refinement/Console/WriteFileSourceEntry.lean	certificate,frontend,lowering,process	d5548481d18c7a7942585ed7e8303e4feb03eada53fdfb1e893921936c488d83	51	semantic-boundary-or-consumer	0
Grass/Refinement/Console/WriteFileStaticEntry.lean	certificate,frontend,lowering,process	c15a531a927a4663fb1e5d440b5558b42c79cad1e4d2b115f2d59f79d06d4267	72	semantic-boundary-or-consumer	0
Tests/Assembly/SourceWitness.lean	certificate,frontend,lowering,process	053868a990cfc1b30d00df4d67d29c3193e63728ba40a217417efe3feacf9745	37	text-match	2
Tests/Console/Captured.lean	certificate,frontend,lowering,process	87774e04602b74e1e5a57f52b100c389a083536ba8813230617266c35e0bbced	39	semantic-boundary-or-consumer	0
Tests/Console/Contract.lean	certificate,frontend,lowering,process	ee7e79655c9bf222472c0f9b0c0dcd9b034df7284e1dbf31407e87c5c9c98474	37	text-match	3
Tests/Console/ObservedBehavior.lean	certificate,frontend,lowering,process	4954846b69e23610bbf7a2cdeeeefdf5236332ff3a3ad179b63da87fc6961861	23	semantic-boundary-or-consumer	0
Tests/Console/ObservedEmbedding.lean	certificate,frontend,lowering,process	c5cc97de62dd41bd3bbeaf037f010fd434a5ad1838cc6a8e6330cabf60896999	29	semantic-boundary-or-consumer	0
Tests/Console/ObservedEmbeddingSteps.lean	certificate,frontend,lowering,process	023ec5fc8938b4a875d8ce120f9609d90a7cf450b661181ceeff8b2dcc6efaf1	26	semantic-boundary-or-consumer	0
Tests/Console/ObservedFrontier.lean	certificate,frontend,lowering,process	c4d4a6ed2c462d3a4edfbede1d05ad7faa3ae1cae0dd00f7777218cc8c39799f	53	text-match	3
Tests/Console/TargetProjection.lean	certificate,frontend,lowering,process	f80891054de9c5ae5be8e19c74c14920af77db7debd45a4f227917c9ecdae647	69	semantic-boundary-or-consumer	0
Tests/Console/WriteAllBody.lean	certificate,frontend,lowering,process	36344a07e5110e7a8e4b2c74f3de985f0a6de651df4d2dbb2784bb71ebdfcd5d	50	semantic-boundary-or-consumer	0
Tests/Console/WriteAllFactory.lean	certificate,frontend,lowering,process	c7fff16148760c214b825784e2b9f3825dec1d99d8d59f5b2f1092dd69f5724b	41	semantic-boundary-or-consumer	0
Tests/Console/WriteAllGuards.lean	certificate,frontend,lowering,process	24b85ed6f1dc53247a03c8dcc75e09db5a64ccb42147bef581234d08b9d5d45e	51	text-match	1
Tests/Console/WriteAllHead.lean	certificate,frontend,lowering,process	48c3d73441df79361b1c1476cbd6f0a6f11533cf255de25455f0ebf31cbf1142	49	text-match	1
Tests/Console/WriteAllX86.lean	certificate,frontend,lowering,process	b9e4b29722543d403729202bdcc75ee22497f37f4125f85972a4f14d6d991e47	64	semantic-boundary-or-consumer	0
Tests/Console/WriteFileConsoleHistory.lean	certificate,frontend,lowering,process	24ce731eca578cf7006531f5b23d7a66bb1f92b0237d8250bad2074bc3e397cc	85	semantic-boundary-or-consumer	0
Tests/Console/WriteFileCountAddress.lean	certificate,frontend,lowering,process	4d8e7933d7ab681cb2a71ae5a989b1ce90cce8fe76ffe0aced99b10c9a23a331	60	text-match	1
Tests/Console/WriteFileCountEntry.lean	certificate,frontend,lowering,process	408a5d5688eea00608f25d079c72227b5707fa79ec99b3c3aef06175973a3363	114	text-match	1
Tests/Console/WriteFileFinalize.lean	certificate,frontend,lowering,process	b8f53442ccea9997e6c9276a6e62892d650c6e386cbbfb4526f6abad7201cf58	51	semantic-boundary-or-consumer	0
Tests/Console/WriteFileHistory.lean	certificate,frontend,lowering,process	6c103685a611f84e872ec0d1ad8e11012d890f0c52cb28ac8502f706363bb9fa	99	semantic-boundary-or-consumer	0
Tests/Console/WriteFileLoad.lean	certificate,frontend,lowering,process	fc56cc3f2c671499e3d62c9ac61087a371877cdd9aa1b15957ca68aae677f1c3	51	semantic-boundary-or-consumer	0
Tests/Console/WriteFileObserved.lean	certificate,frontend,lowering,process	ab05c28d581b6370b0e58c710a5bd640c855766f0bbfa991d2c3982db5c985e6	103	semantic-boundary-or-consumer	0
Tests/Console/WriteFilePolicy.lean	certificate,frontend,lowering,process	f0d82ca9ab838487ce127ca411354aacdbf1bca914a94a9753f4a3c2c05ef1c3	94	semantic-boundary-or-consumer	0
Tests/Console/WriteFileResume.lean	certificate,frontend,lowering,process	c71aa201ad3a55f7f2ec6173515446386a10cccb518ea070f2d56cad08080deb	40	semantic-boundary-or-consumer	0
Tests/Console/WriteFileSourceEntry.lean	certificate,frontend,lowering,process	6be8243bfb85324885a08267f5dd69c2e376238308f7ed1124605c2247dd81ec	46	semantic-boundary-or-consumer	0
Tests/Console/WriteFileStaticEntry.lean	certificate,frontend,lowering,process	4eafc8d4048c4f5104761e1ec9e0ad850029a03857642140ff4970d849a1b780	90	semantic-boundary-or-consumer	0
Tests/Frontend/Source.lean	certificate,frontend,lowering,process	bfc7f71358656398a1dd05afa946663db1f6c18938d68cb3a9f3560d1040c219	41	text-match	6
Tests/Frontend/Target.lean	certificate,frontend,lowering,process	dc0e7f7cba1d0313f42c49d42cdba5fac3de758a6e63a9ee2c465849679e27c6	40	text-match	1
Tests/Frontend/WriteFilePrefix.lean.in	certificate	5e206595b35a7150cd642a48075b9b27ce1c30726b98efa7598e6bf1ed7d2ee7	386	text-match	7
Tests/Frontend/check.sh	certificate	75e50829c0214599300b9b9e7971141e2a163fb14e2a89b3a1a4f770f7c073c8	86	text-match	11
Tests/ISA/X86/LedgerAudit.lean	certificate	d31e0588e17c251a8139aea4969ca1eabb119db7043c787233f8bcf1649015cd	1618	text-match	6
Tests/Platform/Win32HelloCall.lean	certificate,frontend,lowering,process	9e4712246338df54019bf103963abdbd969128266a10d5c1d8eee5bc60e74eb3	270	text-match	6
docs/ENDPOINT_INDEX.md	certificate,frontend,lowering	dcf42cba2e80d6bbc4c0249af74b4ba869d259a15c78fb1ea7ceb36b52df811a	317	text-match	19
docs/HELLO_ENDPOINT_MODEL.md	certificate,frontend,lowering,process	50c8e24c591a8ba6bab02d9c58ce6945409ef50b4fc7f582885b9a19a510bcf7	160	text-match	4
docs/RAW_PHASE_PRESERVATION.md	certificate,lowering	9c3385acdc4a1549bf3c6737e9dc364c9c8d35b5a13d3c80f44c1c0e7fa808c4	72	text-match	1
Grass/Platform/Win32/CheckedCallEntry.lean	frontend,lowering	4611103c9d6c73d4fd8068aec4fa24f75ae3ada19cb8e6c5766c16a942d554c1	78	semantic-boundary-or-consumer	0
Grass/Platform/Win32/RawPendingService.lean	frontend	717cb823af0b84827b4232ad3e412b56189aaca51a4c409558b08a8c7f7825ee	130	semantic-boundary-or-consumer	0
Tests/Frontend/WriteFilePrefix.lean.in	frontend,lowering	db5a3d530e296da6c0dc7805e8b49b9c17dc8ba4260a07ee6290aa4f60ab74fb	329	text-match	7
Tests/Frontend/check.sh	frontend,lowering	e88f1e58987109762633f6f576312e2e0ce003325759b3359a0fe95204ab0911	86	text-match	11
Tests/ISA/X86/LedgerAudit.lean	frontend	394152154b1d5f97ddec4c120bd1fbdeb47bf608f974eb1a998a4385d6f3c9b1	1620	text-match	6
Tests/Platform/Win32WriteFileCausalSchedule.lean	frontend	c8e89a192ba2cc5401cbaf8c4afa156e8c3d917b0b0aa9d4ab52eeb8c66c48e8	225	semantic-boundary-or-consumer	0
Tests/Platform/Win32WriteFileProviderModel.lean	frontend,windows	44f3a31c6a6935a7d6311dd114f236eadd4ece51b6fe6e571355d32c62aa49b1	67	text-match	1
Tests/Platform/Win32WriteFileProviderOperation.lean	frontend	8ac2b8103deed25c5fe2be61770f52f95864987e927d060233376e21dec9319c	121	semantic-boundary-or-consumer	0
docs/RAW_PHASE_PRESERVATION.md	frontend	c722338feae29cbe0ad61659064df1445081729ff74d8d35ee7897d1a14e0c4f	65	text-match	1
Tests/ISA/X86/LedgerAudit.lean	lowering	033244dd9abc4dd69c5e91e8978aa9c46d83d979cf81238064ef9e2b448b1970	1622	text-match	6
CONTRIBUTING.md	windows	c0313a5c0e973fe6996bd49349818f8e3921f14ab361e24ccb09caadace357f3	228	text-match	3
Grass/Assembly/FrameMemoryExecution.lean	windows	546bf44716a29b8469d4b814f4d97a0f7de7baee10493782ccdd48a9c877cdb4	337	semantic-boundary-or-consumer	0
Grass/Platform/Win32/CallResumeHistory.lean	windows	45c8e63ba42796df91c7d205718ba4c1762fa32e5b07fa7116109aa600f51d71	64	semantic-boundary-or-consumer	0
Grass/Platform/Win32/WriteFileCountWrite.lean	windows	4ae1288dca6eacefbdcbee754f844b85ee388e59ddb1c045e4f1fc0f6340e963	33	semantic-boundary-or-consumer	0
Grass/Platform/Win32/WriteFilePreparedPreservation.lean	windows	3b8ce1ac907dd8c54a40021acae60d70ff9e02baf5335026e0b9ef816edd4d74	82	semantic-boundary-or-consumer	0
Grass/Platform/Win32/WriteFileReturn.lean	windows	f2c8b9e29eafa77d0fbad5130eafe632827165bedd7976bcf7ba3708efc3769f	144	semantic-boundary-or-consumer	0
Grass/Platform/Win32/WriteFileServiceContinuation.lean	windows	764b75386bcff2e54d977d0d866b8452e72123ac87dc2d5cc89f33126fad25a9	308	semantic-boundary-or-consumer	0
README.md	windows	53589db4c4d1d179d3e8bebccf6b10a55ba8e9379e9bb4c59eba89a06d44e4cb	118	text-match	2
Tests/ISA/X86/LedgerAudit.lean	windows	6bbb1dcc1106d7faa43591bd6ef50089493b92a48c140f0f8b750707cbe67099	1583	text-match	6
Tests/Platform/Win32WriteFileCallSchedule.lean	windows	1489354f54d15e94d22152d6b489c98f5e2f11121c25bf383977ba853bb4e04c	136	semantic-boundary-or-consumer	0
Tests/Platform/Win32WriteFileCausalSchedule.lean	windows	3ca6a9b9fc29592a66730d7fd0345624cab9c4072cdbe26b122689947ab9d8c2	250	semantic-boundary-or-consumer	0
Tests/Platform/Win32WriteFileFullReceipt.lean	windows	522bb6c018dd48d200ca1e943dbc2d8795ec8e71fb448294853b347b27f18622	236	semantic-boundary-or-consumer	0
Tests/Platform/Win32WriteFileProviderCompletion.lean	windows	c1beb99a1282fdd2ca1ac388474e2848217f7ef22b827e94a4296ce92d6f329d	217	semantic-boundary-or-consumer	0
Tests/Platform/Win32WriteFileProviderOperation.lean	windows	fdc220f3d95246dc995599f03009623ebadb83fa3ccd69598d02a1832f766d08	191	semantic-boundary-or-consumer	0
docs/DISASM_CORPUS.md	windows	ed434483ac3f4274104fa36d0271f678610490ea9f78d5b2071a51091db62954	167	text-match	2
docs/ENDPOINT_INDEX.md	windows	e402a351e23e047b0a72521dcccdd25af9c46bf2c2430b1c75972c62399c4349	359	text-match	18
docs/HELLO_ENDPOINT_MODEL.md	windows	224edb6ac354c1cf582da2148acfa4265483d7ceec54cb2695797f45d5537233	147	text-match	2
docs/PLATFORM_ABI.md	windows	f37fbe897a50bc7ddd2870a12ffa95d136926c344b995bef319a0fc833dc2b79	283	text-match	1
docs/README.md	windows	3ebb335bf01dd89521bfca449dc6b6ee11a6c7c5ca43e2355ff5c8a2d174bf71	147	text-match	8
docs/REVIEW.md	windows	0eabaab4a37ab08912df3f356b774c09d4c2de9900bf0e91ec6b6b38db159499	516	text-match	2
docs/VALIDATION.md	windows	4dd131146cfeca837f76a61bb913cd4db426db8bd1a609482a8905c80fbf4cf4	152	text-match	1
Grass/Console/Behavior.lean	process	2f268c825cb6c04bfcea6f2b1588a2d9bebcee79c3bca06ca6cdf871aacc9b48	294	semantic-boundary-or-consumer	0
Grass/Console/ContractCorrect.lean	process	eec828819175597b8a3afa0053624c1d9137e57a9dc541d7bedb3b76711396db	72	semantic-boundary-or-consumer	0
Grass/Console/ObservedBehavior.lean	process	fa23269571aa82f37c634f412f834286ed50e87620f7e5cc457ca7594371477b	595	semantic-boundary-or-consumer	0
Grass/Memory/State.lean	process	f205a460468f9f794d179ecf81ebfb8e974f30eca897659f0bdd016952fb367c	4828	text-match	1
Grass/Platform/Win32/LoaderEntry.lean	process	c4ada6626282148701efc0c1cda2fc6df6285db88ef2b260952595e879f48dd8	330	semantic-boundary-or-consumer	0
Grass/Platform/Win32/RawAgencyProfile.lean	process	32a52ac2c4b6b6d72ae97dc631de5ec375e9439da0259b14ff6543860a398a13	63	text-match	5
Grass/Platform/Win32/WriteFileReturn.lean	process	ecd185e28e0ed50132c59d8a3844f6272315a09d494750bb2a922a53e959fe73	166	semantic-boundary-or-consumer	0
Grass/Refinement/Console/WriteWaiting.lean	process	0f9bebeb03e4ea84a5ef67f003a3656263a8587ed34cafdb2ff8c6252df7de34	196	semantic-boundary-or-consumer	0
Tests/Frontend/WriteFilePrefix.lean.in	process	96a1c48864f14e2ddb9dd447d8b2e8a5ffde3b9186dac66fd0ac5740ee801d4f	267	text-match	5
Tests/Frontend/check.sh	process	60e45adefef783e9b0c80fa42329aeb2453142e12b51cadd060eb9a435f7ad8e	86	text-match	11
Tests/ISA/X86/LedgerAudit.lean	process	6b12693ec1cc615e1d24c8ba2d283b5cc88ff7ea4ade4c0abf9c2dd875b3290a	1619	text-match	8
Tests/Memory/Spike1Block.lean	process	8138f3739f1882e09acd905f96e571118036c5e2fd48f6b0d740de06f21e0a65	317	text-match	15
Tests/Memory/Spike1Policy.lean	process	6130404da83adef55c71fb9a0268363903df5deea7f601a868fb97b67dcb1dee	458	text-match	20
Tests/Platform/Win32WriteFile.lean	process	fa1b38eef902fb75bf38712280e726de4d0bdf73ec9946ca93f115bbebbf6fb5	303	text-match	7
docs/ENDPOINT_INDEX.md	process	0503bbc0cdd87984ccabf9ada2cfe500f97c7b4203b1fee11da102addedb7107	390	text-match	17
docs/RAW_PHASE_PRESERVATION.md	process	f4888bdbab141290f0106600255cf495748be550855dbb2f5a0e5eb452239b04	76	text-match	2
docs/WAIT_AGENCY_REFINEMENT.md	process	e28ccb6593a8f3be5651ecd8561c08a0857cb4beece59c3033d9a2c2b86d3c43	90	text-match	1
